canonical_name	enwiki
Lloyd LaBeach	Lloyd LaBeach
Lloyd Murad	Lloyd Murad
Lloydricia Cameron	Lloydricia Cameron
Logan Cunningham	Logan Cunningham (athlete)
Logan Cunningham	Logan Cunningham (coach)
Lokesh Sathyanathan	Lokesh Sathyanathan
Lolo Jones	Lolo Jones
Longino Welch	Longino Welch
Lopez Lomong	Lopez Lomong
Loree Smith	Loree Smith
Lorenzo Daniels	Lorenzo Daniel
Lorenzo Wright	Lorenzo Wright
Lorraine Ugen	Lorraine Ugen
Loudia Laarman	Loudia Laarman
Louie Hinchliffe	Louie Hinchliffe
Louis Luchini	Louis Luchini
Lucy Bryan	Lucy Bryan
Lucy Oliver	Lucy Oliver
Luis Grijalva	Luis Grijalva
Luis Luna	Luis Luna (athlete)
Luis Morales	Luis Morales (sprinter)
Luis Rivera	Luis Rivera (long jumper)
Luke Caldwell	Luke Caldwell
Luke Gunn	Luke Gunn
Luke Houser	Luke Houser
Luke Puskedra	Luke Puskedra
Luke Traynor	Luke Traynor
Luke Watson	Luke Watson (sprinter)
Luther Hayes	Luther Hayes
Luuk Pelkmans	Luuk Pelkmans
Lyle Leong	Lyle Leong
Lyndon Sands	Lyndon Sands
Lynn Eves	Lynn Eves
Lynn Headley	Lynn Headley
Lynn Jennings	Lynn Jennings
Lynn Nelson	Lynn Nelson (runner)
Lynna Irby	Lynna Irby
Maalik Reynolds	Maalik Reynolds
Mac Fleet	Mac Fleet
Mac Speedie	Mac Speedie
Mac Wilkins	Mac Wilkins
Mack Robinson	Mack Robinson (sprinter)
Mackenzie Little	Mackenzie Little
Maddie Harris	Maddie Harris
Madeline Price	Madeline Price
Madie Boreman	Madie Boreman
Madison Whyte	Madison Whyte
Madison Wiltrout	Madison Wiltrout
Maeve O'Neill	Maeve O'Neill
Maggi Congdon	Maggi Congdon
Maggie Barrie	Maggie Barrie
Maggie Chan	Maggie Chan (athlete)
Maggie Ewen	Maggie Ewen
Maggie Malone-Hardin	Maggie Malone-Hardin
Maggie Vessey	Maggie Vessey
Maia McCoy	Maia McCoy
Maia Ramsden	Maia Ramsden
Maicel Uibo	Maicel Uibo
Makanakaishe Charamba	Makanakaishe Charamba
Makayla Paige	Makayla Paige
Makeba Alcide	Makeba Alcide
Makenzie Dunmore	Makenzie Dunmore
Mal Whitfield	Mal Whitfield
Malachi Davis	Malachi Davis
Malachi Snow	Malachi Snow
Malcolm Clemons	Malcolm Clemons
Malcolm Hicks	Malcolm Hicks
Malcolm Taylor	Malcolm Taylor (American football)
Malik Cunningham	Malik Cunningham
Malindi Elmore	Malindi Elmore
Mantas Šilkauskas	Mantas Šilkauskas
Manuela Rotundo	Manuela Rotundo
Marc Burns	Marc Burns
Marc Burns	Marc Burns
Marc Davis	Marc Davis (runner)
Marc Hunter	Marc Hunter (athlete)
Marc Minichello	Marc Minichello
Marc Scott	Marc Scott
Marcel Lomnický	Marcel Lomnický
Marcel Philippe	Marcel Philippe (athlete)
Marcellus Moore	Marcellus Moore
Marcia Sey	Marcia Sey
Marcia Tate	Marcia Tate
Marco Arop	Marco Arop
Marco Langon	Marco Langon
Marcus Allen	Marcus Allen
Marcus Allen	Marcus Allen (linebacker)
Marcus Boyd	Marcus Boyd
Marcus Brunson	Marcus Brunson
Marcus Chambers	Marcus Chambers
Marcus Dixon	Marcus Dixon
Marcus Harris	Marcus Harris (cornerback)
Marcus Harris	Marcus Harris (defensive tackle)
Marcus Harris	Marcus Harris (wide receiver, born 1974)
Marcus Harris	Marcus Harris (wide receiver, born 1989)
Marcus Jackson	Marcus Jackson
Marcus Nilsson	Marcus Nilsson (decathlete)
Marcus O'Sullivan	Marcus O'Sullivan
Marcus Parker	Marcus Parker
Marcus Robinson	Marcus Robinson (American football)
Marcus Rowland	Marcus Rowland (athlete)
Marcus Stokes	Marcus Stokes (American football)
Marcus Thomas	Marcus Thomas (defensive tackle)
Marcus Thomas	Marcus Thomas (running back)
Mardrea Hyman	Mardrea Hyman
Mardy Scales	Mardy Scales
Marecia Pemberton	Marecia Pemberton
Marek Niit	Marek Niit
Margaret Bamgbose	Margaret Bamgbose
Margaret Coomber	Margaret Coomber
Margot Appleton	Margot Appleton
Maria Akraka	Maria Akraka
Maria McCambridge	Maria McCambridge
Maria Usifo	Maria Usifo
Mariam Abdul-Rashid	Mariam Abdul-Rashid
Mariam Kevkhishvili	Mariam Kevkhishvili
Marian Burnett	Marian Burnett
Maribel Caicedo	Maribel Caicedo
Marie-Therese Obst	Marie-Therese Obst
Marieke Veltman	Marieke Veltman
Marielle Hall	Marielle Hall
Marija Vučenović	Marija Vučenović
Marika Tuliniemi	Marika Tuliniemi
Marina Munćan	Marina Munćan
Mario Burke	Mario Burke
Mario García	Mario García (runner)
Mario Vernon-Watson	Mario Vernon-Watson
Mario Watts	Mario Watts
Marion Jepngetich	Marion Jepngetich
Marion Jones	Marion Jones
Marisa Howard	Marisa Howard
Marita Payne	Marita Payne
Mark Anderson	Mark Anderson (American football)
Mark Anderson	Mark Anderson (sprinter)
Mark Anderson	Mark Anderson (American football)
Mark Anderson	Mark Anderson (sprinter)
Mark Belger	Mark Belger
Mark Boswell	Mark Boswell (athlete)
Mark Cannon	Mark Cannon (American football)
Mark Carroll	Mark Carroll (runner)
Mark Collins	Mark Collins (American football)
Mark Coogan	Mark Coogan
Mark Crear	Mark Crear
Mark Croghan	Mark Croghan
Mark Davidson	Mark Davidson (athlete)
Mark Deady	Mark Deady
Mark Duper	Mark Duper
Mark Enyeart	Mark Enyeart
Mark Everett	Mark Everett (runner)
Mark Fricker	Mark Fricker
Mark Handelsman	Mark Handelsman
Mark Harrison	Mark Harrison (American football)
Mark Jackson	Mark Jackson (athletic director)
Mark Jackson	Mark Jackson (defensive back)
Mark Jackson	Mark Jackson (hurdler)
Mark Jackson	Mark Jackson (quarterback)
Mark Jackson	Mark Jackson (wide receiver)
Mark Jackson	Mark Jackson (athletic director)
Mark Jackson	Mark Jackson (defensive back)
Mark Jackson	Mark Jackson (hurdler)
Mark Jackson	Mark Jackson (quarterback)
Mark Jackson	Mark Jackson (wide receiver)
Mark Johnson	Mark Johnson (American football)
Mark Korir	Mark Korir
Mark Lutz	Mark Lutz (sprinter)
Mark Miller	Mark Miller (quarterback, born 1956)
Mark Miller	Mark Miller (quarterback, born 1962)
Mark Murro	Mark Murro
Mark Nenow	Mark Nenow
Mark Reed	Mark Reed (Arizona Wildcats)
Mark Reed	Mark Reed (quarterback, born 1959)
Mark Robinson	Mark Robinson (linebacker)
Mark Robinson	Mark Robinson (safety)
Mark Rowe	Mark Rowe (sprinter)
Mark Simmons	Mark Simmons (American football)
Mark Smith	Mark Smith (American football)
Mark Smith	Mark Smith (sprinter)
Mark Smith	Mark Smith (American football)
Mark Smith	Mark Smith (sprinter)
Mark Smith	Mark Smith (American football)
Mark Smith	Mark Smith (sprinter)
Mark Sullivan	Mark Sullivan (American football)
Mark Thomas	Mark Thomas (defensive end)
Mark Thomas	Mark Thomas (sprinter)
Mark Thomas	Mark Thomas (tight end)
Mark Wesley Johnson	Mark Johnson (American football)
Mark Wilson	Mark Wilson (American football)
Mark Wilson	Mark Wilson (American football)
Mark Winzenried	Mark Winzenried
Mark Witherspoon	Mark Witherspoon
Mark Young	Mark Young (Canadian football)
Marko Koers	Marko Koers
Marko Wahlman	Marko Wahlman
Marleen Mülla	Marleen Mülla
Marlena Wesh	Marlena Wesh
Marlon Jones	Marlon Jones (American football)
Marlon Ramsey	Marlon Ramsey
Marqueze Washington	Marqueze Washington
Marquis Dendy	Marquis Dendy
Marquise Goodwin	Marquise Goodwin
Marshall Dill	Marshall Dill
Marshevet Hooker Flintall	Marshevet Hooker
Martha Bissah	Martha Bissah
Martin Fagan	Martin Fagan
Martin Marić	Martin Marić
Martin McGrady	Martin McGrady
Martin Owusu-Antwi	Martin Owusu-Antwi
Martina Weil	Martina Weil
Marty Beck	Marty Beck
Marty Engel	Marty Engel
Marty Froelick	Marty Froelick
Marty Liquori	Marty Liquori
Maruša Černjul	Maruša Černjul
Marvin Lewis	Marvin Lewis
Marvin Watts	Marvin Watts
Mary Cullen	Mary Cullen
Mary Jayne Harrelson	Mary Jayne Harrelson
Mary Saxer	Mary Saxer
Maryse Éwanjé-Épée	Maryse Éwanjé-Épée
Masai Russell	Masai Russell
Mason Ferlic	Mason Ferlic
Mason Finley	Mason Finley
Mats Nilsson	Mats Nilsson (javelin thrower)
Matt Centrowitz	Matt Centrowitz
Matt Giusto	Matt Giusto
Matt Gordy	Matt Gordy
Matt Hemingway	Matt Hemingway
Matt Lane	Matt Lane
Matt Lepsis	Matt Lepsis
Matt Ludwig	Matt Ludwig
Matt McGrath	Matt McGrath
Matt Mitchell	Matt Mitchell (American football)
Matt Rodgers	Matt Rodgers
Matt Scherer	Matt Scherer
Matt Simson	Matt Simson
Matt Stewart	Matt Stewart (American football)
Matt Tegenkamp	Matt Tegenkamp
Matthew Boling	Matthew Boling
Matthew Clarke	Matthew Clarke (runner)
Matthew Erickson	Matthew Erickson (runner)
Matthew Wilkinson	Matthew Wilkinson (runner)
Matthews Motshwarateu	Matthews Motshwarateu
Matti Närhi	Matti Närhi
Mattias Jons	Mattias Jons
Maudie Skyring	Maudie Skyring
Maureen Stewart	Maureen Stewart
Maurice Mitchell	Maurice Mitchell
Maurice Mitchell	Maurice Mitchell
Maurice Peoples	Maurice Peoples
Maurice Smith	Maurice Smith (cornerback)
Maurice Smith	Maurice Smith (decathlete)
Maurice Smith	Maurice Smith (running back)
Maurice Wignall	Maurice Wignall
Mauricia Prieto	Mauricia Prieto
Max Thomas	Max Thomas (sprinter)
Max Truex	Max Truex
Maxie Parks	Maxie Parks
Maxwell Peters	Maxwell Peters
McClinton Neal	McClinton Neal
McKenzie Long	McKenzie Long
Me'Lisa Barber	Me'Lisa Barber
Meb Keflezighi	Meb Keflezighi
Mechelle Lewis	Mechelle Lewis
Meg Ritchie	Meg Ritchie
Megan Moss	Megan Moss
Meghan Hunter	Meghan Hunter
Mel Bleeker	Mel Bleeker
Mel Branch	Mel Branch
Mel Cheskin	Mel Cheskin
Mel Embree	Mel Embree
Mel Gray	Mel Gray (return specialist)
Mel Gray	Mel Gray (wide receiver)
Mel Hein	Mel Hein
Mel Lattany	Mel Lattany
Mel Patton	Mel Patton
Mel Renfro	Mel Renfro
Mel Spence	Mel Spence
Mel Walker	Mel Walker (high jumper)
Melaine Walker	Melaine Walker
Meleni Rodney	Meleni Rodney
Melissa Gonzalez	Melissa Gonzalez (hurdler)
Melissa Jefferson	Melissa Jefferson-Wooden
Melissa Price	Melissa Price (pole vaulter)
Melissa Price	Melissa Price (pole vaulter)
Melissa Straker	Melissa Straker
Melody Fairchild	Melody Fairchild
Melvin Lister	Melvin Lister
Mena Scatchard	Mena Scatchard
Mercy Chelangat	Mercy Chelangat
Meredith Gourdine	Meredith Gourdine
Merlene Frazer	Merlene Frazer
Merlene Ottey	Merlene Ottey
Mia Barnett	Mia Barnett
Micaela De Mello	Micaela de Mello
Micah Williams	Micah Williams (sprinter)
Michael Ayers	Michael Ayers (Canadian football)
Michael Bates	Michael Bates (American football)
Michael Bell	Michael Bell (mayor)
Michael Bingham	Michael Bingham
Michael Blackwood	Michael Blackwood (sprinter)
Michael Campbell	Michael Campbell (gridiron football)
Michael Campbell	Michael Campbell (sprinter)
Michael Cannon	Michael Cannon (sprinter)
Michael Carter	Michael Carter (Canadian football)
Michael Carter	Michael Carter (nose tackle)
Michael Carter	Michael Carter (running back)
Michael Carter	Mike Carter (American football)
Michael Carter	Michael Carter (Canadian football)
Michael Carter	Michael Carter (nose tackle)
Michael Carter	Michael Carter (running back)
Michael Cherry	Michael Cherry (athlete)
Michael Clark	Michael Clark (runner)
Michael Clark	Michael Clark (wide receiver)
Michael Cleary	Michael Cleary (rugby)
Michael Coe	Michael Coe (American football)
Michael Cox	Michael Cox (running back)
Michael Cox	Michael Cox (running back)
Michael Dickson	Michael Dickson (American football)
Michael Dickson	Michael Dickson (hurdler)
Michael Ford	Michael Ford (gridiron football)
Michael Franks	Michael Franks (athlete)
Michael Frater	Michael Frater
Michael Grant	Michael Grant (American football)
Michael Granville	Michael Granville
Michael Green	Michael Green (sprinter)
Michael Hughes	Michael Hughes (kicker)
Michael Hughes	Mike Hughes (American football)
Michael Jackson	Michael Jackson (linebacker)
Michael Jackson	Michael Jackson (wide receiver)
Michael Jasper	Michael Jasper
Michael Johnson	Michael Johnson (defensive end)
Michael Johnson	Michael Johnson (safety)
Michael Johnson	Michael Johnson (sprinter)
Michael Johnson	Michael Johnson (defensive end)
Michael Johnson	Michael Johnson (safety)
Michael Johnson	Michael Johnson (sprinter)
Michael Joseph	Michael Joseph (American football)
Michael Joseph	Michael Joseph (Belizean sprinter)
Michael Joseph	Michael Joseph (Saint Lucian sprinter)
Michael Joseph	Michael Joseph (American football)
Michael Joseph	Michael Joseph (Belizean sprinter)
Michael Joseph	Michael Joseph (Saint Lucian sprinter)
Michael Joubert	Michael Joubert (athlete)
Michael Keogh	Michael Keogh (athlete)
Michael LeBlanc	Michael LeBlanc
Michael LeBlanc	Michael LeBlanc (American football)
Michael Mason	Michael Mason (high jumper)
Michael Mathieu	Michael Mathieu
Michael Moore	Michael Moore (offensive lineman)
Michael Moore	Mike Moore (American football coach)
Michael Moore	Mike Moore (Canadian football)
Michael Moore	Mike Moore (running back)
Michael Musyoki	Michael Musyoki
Michael Norman	Michael Norman (sprinter)
Michael Paul	Michael Paul (sprinter)
Michael Pinckney	Michael Pinckney
Michael Ponikvar	Michael Ponikvar
Michael Power	Michael Power (athlete)
Michael Power	Mike Power (American football)
Michael Proctor	Michael Proctor (gridiron football)
Michael Ray Garvin	Michael Ray Garvin
Michael Robertson	Michael Robertson (discus thrower)
Michael Rutt	Michael Rutt
Michael Saruni	Michael Saruni
Michael Shuey	Michael Shuey
Michael Smith	Michael Smith (running back)
Michael Smith	Michael Smith (wide receiver)
Michael Stember	Michael Stember
Michael Stigler	Michael Stigler
Michael Thomas	Michael Thomas (defensive back)
Michael Thomas	Michael Thomas (wide receiver, born 1993)
Michael Timpson	Michael Timpson
Michael Timpson	Michael Timpson
Michael Tinsley	Michael Tinsley
Michael Turner	Michael Turner (American football)
Michael Williams	Michael Williams (defensive back)
Michael Williams	Michael Williams (defensive lineman)
Michael Williams	Michael Williams (running back)
Michael Williams	Michael Williams (sprinter)
Michael Williams	Michael Williams (tight end)
Michael Williams	Michael Williams (defensive back)
Michael Williams	Michael Williams (defensive lineman)
Michael Williams	Michael Williams (running back)
Michael Williams	Michael Williams (sprinter)
Michael Williams	Michael Williams (tight end)
Michael Williams	Michael Williams (defensive back)
Michael Williams	Michael Williams (defensive lineman)
Michael Williams	Michael Williams (running back)
Michael Williams	Michael Williams (sprinter)
Michael Williams	Michael Williams (tight end)
Michael Williams	Michael Williams (defensive back)
Michael Williams	Michael Williams (defensive lineman)
Michael Williams	Michael Williams (running back)
Michael Williams	Michael Williams (sprinter)
Michael Williams	Michael Williams (tight end)
Michael Wilson	Michael Wilson (offensive lineman)
Michael Wilson	Michael Wilson (wide receiver)
Michael Woods	Michael Woods (cyclist)
Michaela Rose	Michaela Rose (runner)
Michelle Atherley	Michelle Atherley
Michelle Ballentine	Michelle Ballentine
Michelle Baptiste	Michelle Baptiste
Michelle Burgher	Michelle Burgher
Michelle Carter	Michelle Carter (athlete)
Michelle Collins	Michelle Collins (sprinter)
Michelle Collins	Michelle Collins (sprinter)
Michelle Finn	Michelle Finn (steeplechaser)
Michelle Fournier	Michelle Fournier
Michelle Freeman	Michelle Freeman
Michelle Johnson	Michelle Johnson (hurdler)
Michelle Perry	Michelle Perry
Michelle Smith	Michelle Smith (athlete)
Mickaël Hanany	Mickaël Hanany
Mickey Matthews	Mickey Matthews
Miguel Pate	Miguel Pate
Mikael Olander	Mikael Olander
Mike Agostini	Mike Agostini
Mike Anderson	Mike Anderson (linebacker)
Mike Anderson	Mike Anderson (offensive lineman)
Mike Anderson	Mike Anderson (running back)
Mike Banks	Mike Banks (American football)
Mike Baxter	Mike Baxter (athlete)
Mike Black	Mike Black (kicker)
Mike Black	Mike Black (offensive lineman)
Mike Black	Mike Black (punter)
Mike Bradley	Mike Bradley (Canadian football)
Mike Bradley	Mike Bradley (sprinter)
Mike Brennan	Mike Brennan (American football)
Mike Brown	Mike Brown (American football executive)
Mike Brown	Mike Brown (defensive back, born 1999)
Mike Brown	Mike Brown (safety)
Mike Brown	Mike Brown (wide receiver)
Mike Brown	Mike Brown (American football executive)
Mike Brown	Mike Brown (defensive back, born 1999)
Mike Brown	Mike Brown (safety)
Mike Brown	Mike Brown (wide receiver)
Mike Brown	Mike Brown (American football executive)
Mike Brown	Mike Brown (defensive back, born 1999)
Mike Brown	Mike Brown (safety)
Mike Brown	Mike Brown (wide receiver)
Mike Buncic	Mike Buncic
Mike Butler	Mike Butler (American football)
Mike Calhoun	Mike Calhoun
Mike Calhoun	Mike Calhoun (quarterback)
Mike Cotton	Mike Cotton (pole vaulter)
Mike Cotton	Mike Cotton (pole vaulter)
Mike Daniels	Mike Daniels (American football)
Mike Davis	Mike Davis (defensive back, born 1956)
Mike Davis	Mike Davis (defensive back, born 1972)
Mike Davis	Mike Davis (running back)
Mike Davis	Mike Davis (wide receiver)
Mike Donnelly	Mike Donnelly (American football)
Mike Durkin	Mike Durkin
Mike Erickson	Mike Erickson
Mike Evans	Mike Evans (defensive lineman)
Mike Evans	Mike Evans (offensive lineman)
Mike Evans	Mike Evans (wide receiver)
Mike Fisher	Mike Fisher (American football)
Mike Flanagan	Mike Flanagan (American football)
Mike Flanagan	Mike Flanagan (American football)
Mike Gonzales	Mike Gonzales
Mike Harris	Mike Harris (cornerback)
Mike Jackson	Mike Jackson (cornerback)
Mike Johnson	Mike Johnson (American football coach)
Mike Johnson	Mike Johnson (cornerback)
Mike Johnson	Mike Johnson (linebacker)
Mike Johnson	Mike Johnson (offensive lineman)
Mike Jorgensen	Mike Jorgensen (American football)
Mike Kelley	Mike Kelley (offensive lineman)
Mike Kelley	Mike Kelley (quarterback)
Mike Kelly	Mike Kelly (American football coach)
Mike Kelly	Mike Kelly (gridiron football)
Mike Kelly	Mike Kelly (gridiron football, born 1948)
Mike Kelly	Mike Kelly (American football coach)
Mike Kelly	Mike Kelly (gridiron football)
Mike Kelly	Mike Kelly (gridiron football, born 1948)
Mike Landers	Mike Landers (American football)
Mike Larrabee	Mike Larrabee
Mike Lee	Mike Lee (American football)
Mike Lewis	Mike Lewis (American football)
Mike Lewis	Mike Lewis (arena football)
Mike Lindsay	Mike Lindsay
Mike Mahovlich	Mike Mahovlich
Mike Mercer	Mike Mercer (American football)
Mike Mercer	Mike Mercer (shot putter)
Mike Miller	Mike Miller (American football coach, born 1991)
Mike Miller	Mike Miller (Canadian football)
Mike Miller	Mike Miller (sprinter)
Mike Miller	Mike Miller (American football coach, born 1991)
Mike Miller	Mike Miller (Canadian football)
Mike Miller	Mike Miller (sprinter)
Mike Miller	Mike Miller (American football coach, born 1991)
Mike Miller	Mike Miller (Canadian football)
Mike Miller	Mike Miller (sprinter)
Mike Morgan	Mike Morgan (linebacker, born 1942)
Mike Morgan	Mike Morgan (linebacker, born 1988)
Mike Morgan	Mike Morgan (running back)
Mike Morris	Mike Morris (defensive end)
Mike Morris	Mike Morris (long snapper)
Mike Murei	Mike Murei
Mike Palm	Mike Palm (American football)
Mike Peterson	Mike Peterson
Mike Price	Mike Price
Mike Ramos	Mike Ramos (decathlete)
Mike Roberson	Mike Roberson
Mike Roche	Mike Roche (runner)
Mike Ryan	Mike Ryan (athlete)
Mike Sands	Mike Sands (sprinter)
Mike Sharpe	Mike Sharpe (sprinter)
Mike Smith	Mike Smith (American football coach)
Mike Smith	Mike Smith (decathlete)
Mike Smith	Mike Smith (linebacker)
Mike Smith	Mike Smith (running coach)
Mike Smith	Mike Smith (wide receiver)
Mike Solomon	Mike Solomon
Mike Stahr	Mike Stahr
Mike Stulce	Mike Stulce
Mike Sullivan	Mike Sullivan (American football coach)
Mike Sullivan	Mike Sullivan (offensive lineman)
Mike Sullivan	Mike Sullivan (American football coach)
Mike Sullivan	Mike Sullivan (offensive lineman)
Mike Tate	Mike Tate
Mike Taylor	Mike Taylor (American football, born 1954)
Mike Taylor	Mike Taylor (linebacker, born 1949)
Mike Taylor	Mike Taylor (linebacker, born 1989)
Mike Taylor	Mike Taylor (offensive tackle)
Mike Thompson	Mike Thompson (American football)
Mike Tully	Mike Tully
Mike Tyson	Mike Tyson (American football)
Mike White	Mike White (American football coach)
Mike White	Mike White (defensive lineman)
Mike White	Mike White (quarterback)
Mike Williams	Mike Williams (American football, born 1957)
Mike Williams	Mike Williams (American football coach)
Mike Williams	Mike Williams (cornerback)
Mike Williams	Mike Williams (offensive lineman)
Mike Williams	Mike Williams (quarterback)
Mike Williams	Mike Williams (tight end)
Mike Williams	Mike Williams (wide receiver, born 1966)
Mike Williams	Mike Williams (wide receiver, born 1984)
Mike Williams	Mike Williams (wide receiver, born 1987)
Mike Williams	Mike Williams (wide receiver, born 1994)
Mikele Barber	Mikele Barber
Mikiah Brisco	Mikiah Brisco
Milan Tiff	Milan Tiff
Miles Batty	Miles Batty
Miles Brown	Miles Brown (gridiron football)
Miles Smith	Miles Smith (sprinter)
Miles Ukaoma	Miles Ukaoma
Militsa Mircheva	Militsa Mircheva
Miller Moss	Miller Moss
Milt Campbell	Milt Campbell
Milt Mead	Milt Mead
Milton Campbell	Milton Campbell
Milton Ottey	Milton Ottey
Miné de Klerk	Miné de Klerk
Mircea Bogdan	Mircea Bogdan
Mireille Sankatsing	Mireille Sankatsing
Miriam Barnes	Miriam Barnes
Mitch Potter	Mitch Potter
Mitchell Cooper	Mitchell Cooper
MJ Erb	MJ Erb
Mohammed Ahmed	Mohammed Ahmed (runner)
Moise Joseph	Moise Joseph
Molly Beckwith-Ludlow	Molly Ludlow
Molly Grabill	Molly Grabill
Molly Haywood	Molly Haywood
Molly Huddle	Molly Huddle
Molly Seidel	Molly Seidel
Monae' Nichols	Monae' Nichols
Monica Hargrove	Monica Hargrove
Monica Joyce	Monica Joyce
Monica Twum	Monica Twum
Monique Cabral	Monique Cabral
Monique Henderson	Monique Henderson
Monique Hennagan	Monique Hennagan
Monroe Nichols	Monroe Nichols
Mookie Salaam	Mookie Salaam
Morgan Beadlescomb	Morgan Beadlescomb
Morgan Groth	Morgan Groth
Morgan McDonald	Morgan McDonald
Morgan Pearson	Morgan Pearson
Morgan Snow	Morgan Snow
Morgan Uceny	Morgan Uceny
Morgann LeLeux	Morgann LeLeux
Morolake Akinosun	Morolake Akinosun
Morris Curotta	Morris Curotta
Moses Kiyai	Moses Kiyai
Mostafa Amr Hassan	Mostafa Amr Hassan
Moushaumi Robinson	Moushaumi Robinson
Muhammad Halim	Muhammad Halim
Muhammad Oliver	Muhammad Oliver
Muhd Azeem Fahmi	Muhd Azeem Fahmi
Muna Lee	Muna Lee (sprinter)
Murielle Ahouré	Murielle Ahouré-Demps
Mustapha Raïfak	Mustapha Raifak
Mya Lesnar	Mya Lesnar
Mykolas Alekna	Mykolas Alekna
Māra Grīva	Māra Grīva
Nada Kawar	Nada Kawar
Nadia Davy	Nadia Davy
Nadia Eke	Nadia Eke
Nadia Graham	Nadia Graham
Najee Glass	Najee Glass
Najuma Fletcher	Najuma Fletcher
Naleya Downer	Naleya Downer
Nanceen Perry	Nanceen Perry
Nat Page	Nat Page
Natalia Bartnovskaya	Natalia Bartnovskaya
Natalie Kaaiawahia	Natalie Kaaiawahia
Natalie Knight	Natalie Knight
Natalliah Whyte	Natalliah Whyte
Natasha Alleyne	Natasha Alleyne
Natasha Hastings	Natasha Hastings
Natasha Mayers	Natasha Mayers
Natassha McDonald	Natassha McDonald
Nate Englin	Nate Englin
Nate Robinson	Nate Robinson
Nate Robinson	Nate Robinson (American football)
Nathan Brannen	Nathan Brannen
Nathan Davis	Nathan Davis (gridiron football)
Nathan Green	Nathan Green (runner)
Nathan Leeper	Nathan Leeper
Nathan Strother	Nathan Strother
Nathon Allen	Nathon Allen
Natosha Rogers	Natosha Rogers
Natoya Goule-Toppin	Natoya Goule-Toppin
Natricia Hooper	Natricia Hooper
Navasky Anderson	Navasky Anderson
Nawal El Moutawakel	Nawal El Moutawakel
Ncincilili Titi	Ncincilili Titi
Nduka Awazie	Nduka Awazie
Neal Steinhauer	Neal Steinhauer
Nedžad Mulabegović	Nedžad Mulabegović
Neil Cusack	Neil Cusack
Neil Gardner	Neil Gardner
Neil Gourley	Neil Gourley
Neisha Bernard-Thomas	Neisha Bernard-Thomas
Nelly Tchayem	Nelly Tchayem
Nelrae Pasha	Nelrae Pasha
Nery Kennedy	Nery Kennedy
Nethaneel Mitchell-Blake	Nethaneel Mitchell-Blake
Neville Hodge	Neville Hodge
Neville Price	Neville Price
Ngoni Makusha	Ngoni Makusha
Nia Akins	Nia Akins
Nia Ali	Nia Ali
Nia Robinson	Nia Robinson
Niall Bruton	Niall Bruton
Niall O'Shaughnessy	Niall O'Shaughnessy
Nicholas Scarvelis	Nicholas Scarvelis
Nichole Denby	Nichole Denby
Nick Anderson	Nick Anderson (gridiron football)
Nick Carter	Nick Carter (runner)
Nick Harris	Nick Harris (offensive lineman)
Nick Harris	Nick Harris (punter)
Nick Hysong	Nick Hysong
Nick Johnson	Nick Johnson (American football)
Nick Kovalakides	Nick Kovalakides
Nick Miller	Nick Miller (American football)
Nick Miller	Nick Miller (hammer thrower)
Nick Ponzio	Nick Ponzio
Nick Rose	Nick Rose (American football)
Nick Rose	Nick Rose (runner)
Nick Sweeney	Nick Sweeney
Nick Willis	Nick Willis
Nickiesha Wilson	Nickiesha Wilson
Nickisha Pryce	Nickisha Pryce
Nico Young	Nico Young
Nicola Martial	Nicola Martial
Nicole Bush	Nicole Bush
Nicole Carroll	Nicole Carroll
Nicole Devonish	Nicole Devonish
Nicole Edwards Sifuentes	Nicole Sifuentes
Nicole Forrester	Nicole Forrester
Nicole Gamble	Nicole Gamble
Nicole Green	Nicole Green
Nicole Greene	Nicole Greene
Nicole Haynes	Nicole Haynes
Nicole Leach	Nicole Leach (hurdler)
Nicole Teter	Nicole Teter
Nicole Yeargin	Nicole Yeargin
Niesha Burgher	Niesha Burgher
Nikaoli Williams	Nikaoli Williams
Nikki Hiltz	Nikki Hiltz
Nikki Manson	Nikki Manson
Niklas Arrhenius	Niklas Arrhenius
Nikola Lomnická	Nikola Lomnická
Nikole Mitchell	Nikole Mitchell
Nina Schultz	Nina Schultz
Nivea Smith	Nivea Smith
Nnenna Lynch	Nnenna Lynch
Nnenya Hailey	Nnenya Hailey
Noah Akwu	Noah Akwu
Noah Bryant	Noah Bryant
Noah Williams	Noah Williams (sprinter)
Noel Carroll	Noel Carroll (athlete)
Nolan Cromwell	Nolan Cromwell
Norbert Elliott	Norbert Elliott
Norm Trerise	Norm Trerise
Norman Grimes	Norman Grimes
O'Neal Wilder	O'Neal Wilder
Obadele Thompson	Obadele Thompson
Obakeng Ngwigwa	Obakeng Ngwigwa
Obed Mutanya	Obed Mutanya
Obi Igbokwe	Obi Igbokwe
Obinna Eregbu	Obinna Eregbu
Ocky Clark	Ocky Clark
Octavious Freeman	Octavious Freeman
Octavius Terry	Octavius Terry
Oddur Sigurðsson	Oddur Sigurðsson
Odean Skeen	Odean Skeen
Ohene Karikari	Ohene Karikari
Ola Sesay	Ola Sesay
Olapade Adeniken	Olapade Adeniken
Olav Jenssen	Olav Jenssen
Ole Hesselbjerg	Ole Hesselbjerg
Olin Hacker	Olin Hacker
Oliver Koenig	Oliver Koenig
Oliver Williams	Oliver Williams (American football)
Olivia Baker	Olivia Baker (runner)
Olivia Gruver	Olivia Gruver
Olivia Markezich	Olivia Markezich
Olivia McKoy	Olivia McKoy
Olli Hoare	Olli Hoare
Ollie Matson	Ollie Matson
Oluyemi Fagbamila	Oluyemi Fagbamila
Oluyemi Kayode	Oluyemi Kayode
Omar Brown	Omar Brown (defensive back, born 1975)
Omar Brown	Omar Brown (defensive back, born 1988)
Omar Brown	Omar Brown (safety)
Omar Brown	Omar Brown (sprinter, born 1975)
Omar Brown	Omar Brown (sprinter, born 1982)
Omar Brown	Omar Brown (defensive back, born 1975)
Omar Brown	Omar Brown (defensive back, born 1988)
Omar Brown	Omar Brown (safety)
Omar Brown	Omar Brown (sprinter, born 1975)
Omar Brown	Omar Brown (sprinter, born 1982)
Omar Craddock	Omar Craddock
Omar McLeod	Omar McLeod
Omo Osaghae	Omo Osaghae
Omolade Akinremi	Omolade Akinremi
Omolade Akinremi	Omolade Akinremi
Omotayo Akinremi	Omotayo Akinremi
Oneka Wilson	Oneka Wilson
Orlando Greene	Orlando Greene
Orlando McDaniel	Orlando McDaniel
Orlando McKay	Orlando McKay
Orlando Parker	Orlando Parker
Osbourne Moxey	Osbourne Moxey
Oscar Moore	Oscar Moore (athlete)
Oskar Edlund	Oskar Edlund
Oslen Barr	Oslen Barr
Otis Burrell	Otis Burrell
Otis Chandler	Otis Chandler
Otis Davis	Otis Davis
Otis Harris	Otis Harris
Otis McDaniel	Otis McDaniel
Otto Anderson	Otto Anderson
Otukile Lekote	Otukile Lekote
Owen Hamilton	Owen Hamilton
Pablo Sierra	Pablo Sierra (runner)
Pablo Solares	Pablo Solares
Pablo Squella	Pablo Squella
Paige Kouba	Paige Kouba
Pam Dukes	Pam Dukes
Pamela Kosgei	Pamela Kosgei
Paris Peoples	Paris Peoples
Parker Valby	Parker Valby
Parker Wolfe	Parker Wolfe
Parvej Khan	Parvej Khan
Pascal Dobert	Pascal Dobert
Passion Richardson	Passion Richardson
Pat Clohessy	Pat Clohessy
Pat Collins	Pat Collins (American football)
Pat Johnson	Pat Johnson (American football)
Pat Manson	Pat Manson
Pat Matzdorf	Pat Matzdorf
Pat O'Callaghan	Pat O'Callaghan
Patricia Hall	Patricia Hall (athlete)
Patricia Soman	Patricia Soman
Patricia Sylvester	Patricia Sylvester
Patricia Walsh	Patricia Walsh (athlete)
Patrick Dever	Patrick Dever
Patrick Feeney	Patrick Feeney
Patrick O'Connor	Patrick O'Connor (sprinter)
Patrick Peterson	Patrick Peterson
Patrick Peterson	Patrick Peterson (runner)
Patrick Sang	Patrick Sang
Patrick Smyth	Patrick Smyth (runner)
Patrick Tiernan	Patrick Tiernan
Patrick Williams	Patrick Williams (wide receiver)
Patrik Bodén	Patrik Bodén
Patrina Allen	Patrina Allen
Patrícia Mamona	Patrícia Mamona
Patterson Johnson	Patterson Johnson
PattiSue Plumer	PattiSue Plumer
Pau Tonnesen	Pau Tonnesen
Paul Bannon	Paul Bannon (runner)
Paul Chelimo	Paul Chelimo
Paul Collins	Paul Collins (end)
Paul Collins	Paul Collins (quarterback)
Paul Collins	Paul Collins (runner)
Paul Craig	Paul Craig (runner)
Paul Cummings	Paul Cummings
Paul Donovan	Paul Donovan (athlete)
Paul Drayton	Paul Drayton (athlete)
Paul Emordi	Paul Emordi
Paul Ereng	Paul Ereng
Paul Foreman	Paul Foreman
Paul Geis	Paul Geis
Paul Gibson	Paul Gibson (end)
Paul Gibson	Paul Gibson (wide receiver)
Paul Hackett	Paul Hackett (American football)
Paul Halleck	Paul Halleck
Paul Hamilton	Paul Hamilton (American football)
Paul Harris	Paul Harris (American football)
Paul Jessup	Paul Jessup (athlete)
Paul Johnson	Paul Johnson (American football coach, born 1984)
Paul Johnson	Paul Johnson (wheelchair athlete)
Paul Johnson	Paul Johnson (American football coach, born 1984)
Paul Johnson	Paul Johnson (wheelchair athlete)
Paul Jones	Paul Jones (American football)
Paul Jones	Paul Jones (judge)
Paul Jones	Paul Jones (American football)
Paul Jones	Paul Jones (judge)
Paul Jones	Paul Jones (American football)
Paul Jones	Paul Jones (judge)
Paul Jones	Paul Jones (American football)
Paul Jones	Paul Jones (judge)
Paul Lankford	Paul Lankford
Paul Larkins	Paul Larkins
Paul Martin	Paul Martin (Swiss athlete)
Paul Martin	Paul Martin (amputee athlete)
Paul McMullen	Paul McMullen
Paul Miller	Paul Miller (American football coach)
Paul Miller	Paul Miller (defensive end)
Paul Miller	Paul Miller (halfback)
Paul Miller	Paul Miller (American football coach)
Paul Miller	Paul Miller (defensive end)
Paul Miller	Paul Miller (halfback)
Paul Moore	Paul Moore (American football)
Paul Pearson	Paul Pearson (Canadian football)
Paul Roberts	Paul Roberts (American football)
Paul Terek	Paul Terek
Paul Warfield	Paul Warfield
Paul Williams	Paul Williams (Canadian football)
Paul Williams	Paul Williams (quarterback)
Paul Williams	Paul Williams (runner)
Paul Williams	Paul Williams (sprinter)
Paul Williams	Paul Williams (wide receiver)
Paul Williams	Paul Williams (Canadian football)
Paul Williams	Paul Williams (quarterback)
Paul Williams	Paul Williams (runner)
Paul Williams	Paul Williams (sprinter)
Paul Williams	Paul Williams (wide receiver)
Paul Wilson	Paul Wilson (pole vaulter)
Paula Berry	Paula Berry
Pauls Pujāts	Pauls Pujāts
Payton Hazzard	Payton Hazzard
Payton Jordan	Payton Jordan
Payton Otterdahl	Payton Otterdahl
Payton Stumbaugh Chadwick	Payton Chadwick
Pearson Jordan	Pearson Jordan
Pedro da Silva	Pedro da Silva (decathlete)
Pedro Rodrigues	Pedro Rodrigues (hurdler)
Pedrya Seymour	Pedrya Seymour
Percell Gaskins	Percell Gaskins
Percival Spencer	Percival Spencer (sprinter)
Percy Beard	Percy Beard
Perdita Felicien	Perdita Felicien
Perry Williams	Perry Williams (cornerback)
Perry Williams	Perry Williams (running back)
Pertti Pousi	Pertti Pousi
Peta-Gaye Dowdie	Peta-Gaye Dowdie
Peta-Gaye Gayle	Peta-Gaye Gayle
Pete Close	Pete Close
Pete Julian	Pete Julian
Pete Kaligis	Pete Kaligis
Pete Rasmus	Pete Rasmus
Pete Richardson	Pete Richardson
Peter Borglund	Peter Borglund
Peter Boyce	Peter Boyce
Peter Callahan	Peter Callahan
Peter Callahan	Peter Callahan
Peter Farmer	Peter Farmer (hammer thrower)
Peter Koech	Peter Koech
Peter Maru	Peter Maru
Peter McColgan	Peter McColgan
Peter Okodogbe	Peter Okodogbe
Peter Rono	Peter Rono
Peter Sherry	Peter Sherry
Peter van der Westhuizen	Peter van der Westhuizen
Peter Wright	Peter Wright (American football)
Peter Zaremba	Peter Zaremba (hammer thrower)
Petter Olson	Petter Olson
Peyton Bair	Peyton Bair
Phethisang Makhethe	Phethisang Makhethe
Phil Alexander	Phil Alexander
Phil Conley	Phil Conley
Phil Hansen	Phil Hansen (American football)
Phil Olsen	Phil Olsen (American football)
Phil Olsen	Phil Olsen (javelin thrower)
Phil Peterson	Phil Peterson
Phil Price	Phil Price (Canadian football)
Phil Reavis	Phil Reavis
Phil Robins	Phil Robins
Phil Shinnick	Phil Shinnick
Phil White	Phil White (American football)
Phillip Adams	Phillip Adams (American football)
Phillip Riley	Phillip Riley
Phoebe Anderson	Phoebe Anderson
Phyllis Francis	Phyllis Francis
Pierre Brown	Pierre Browne
Pilar McShine	Pilar McShine
Piotr Buciarski	Piotr Buciarski
Pippi Lotta Enok	Pippi Lotta Enok
Pitch Johnson	Pitch Johnson
PJai Austin	PJ Austin
Polly Plumer	Polly Plumer
Poppy Tank	Poppy Tank
Porscha Lucas	Porscha Lucas
Portious Warren	Portious Warren
Prestina Oluchi Ochonogor	Prestina Ochonogor
Preston Carrington	Preston Carrington
Preston Davis	Preston Davis (American football)
Prezel Hardy	Prezel Hardy
Prince Mumba	Prince Mumba (athlete)
Priscilla Frederick	Priscilla Frederick
Proverb Jacobs	Proverb Jacobs
Pål Arne Fagernes	Pål Arne Fagernes
Qadry Ismail	Qadry Ismail
Quanesha Burks	Quanesha Burks
Quentin Iglehart-Summers	Quentin Iglehart-Summers
Quentin Wheeler	Quentin Wheeler
Quincy Butler	Quincy Butler (gridiron football)
Quincy Downing	Quincy Downing
Quincy Hall	Quincy Hall
Quincy Penn	Quincy Penn
Quincy Watts	Quincy Watts
Raasin McIntosh	Raasin McIntosh
Rachel Glenn	Rachel Glenn
Rachel Yurkovich	Rachel Yurkovich
Raevyn Rogers	Raevyn Rogers
Rafeeq Curry	Rafeeq Curry
Rafer Johnson	Rafer Johnson
Rai Benjamin	Rai Benjamin
Raigo Toompuu	Raigo Toompuu
Raimo Pihl	Raimo Pihl
Ralford Mullings	Ralford Mullings
Ralph Boston	Ralph Boston
Ralph Hill	Ralph Hill (American football)
Ralph Hill	Ralph Hill (runner)
Ralph King	Ralph King (American football)
Ralph Mann	Ralph Mann
Ralph Metcalfe	Ralph Metcalfe
Ralph Miller	Ralph Miller
Ralph Miller	Ralph Miller (American football)
Ramona Pagel	Ramona Pagel
Randall Cunningham	Randall Cunningham
Randall Cunningham II	Randall Cunningham II
Randolph Ross	Randolph Ross
Randy Barnes	Randy Barnes
Randy Clark	Randy Clark (American football)
Randy Givens	Randy Givens
Randy Hall	Randy Hall (American football)
Randy Hall	Randy Hall (American football)
Randy Heisler	Randy Heisler
Randy Jackson	Randy Jackson (baseball)
Randy Jackson	Randy Jackson (offensive lineman)
Randy Jackson	Randy Jackson (running back)
Randy Jones	Randy Jones (bobsleigh)
Randy Jordan	Randy Jordan
Randy Lewis	Randy Lewis (triple jumper)
Randy Matson	Randy Matson
Randy White	Randy White (American football)
Randy Williams	Randy Williams
Randy Williams	Randy Williams
Ranza Clark	Ranza Clark
Rasheeme Griffith	Rasheeme Griffith
Raven Saunders	Raven Saunders
Ray Brown	Ray Brown (American football, born 1936)
Ray Brown	Ray Brown (offensive lineman)
Ray Brown	Ray Brown (runner)
Ray Brown	Ray Brown (safety)
Ray Brown	Ray Brown (American football, born 1936)
Ray Brown	Ray Brown (offensive lineman)
Ray Brown	Ray Brown (runner)
Ray Brown	Ray Brown (safety)
Ray Conger	Ray Conger
Ray Flynn	Ray Flynn (athlete)
Ray Hall	Ray Hall (American football)
Ray Hill	Ray Hill (American football)
Ray Jenkins	Ray Jenkins (American football)
Ray Johnson	Ray Johnson (American football)
Ray Johnson	Ray Johnson (Canadian football)
Ray Kimble	Ray Kimble
Ray McDonald	Ray McDonald
Ray McDonald	Ray McDonald (running back)
Ray Norton	Ray Norton
Ray Patterson	Ray Patterson (basketball)
Ray Smith	Ray Smith (American football coach)
Ray Smith	Ray Smith (center)
Ray Smith	Ray Smith (running back)
Ray Smith	Ray Smith (American football coach)
Ray Smith	Ray Smith (center)
Ray Smith	Ray Smith (running back)
Ray Stewart	Ray Stewart (sprinter)
Ray Stewart	Ray Stewart (sprinter)
Ray Watson	Ray Watson (runner)
Rayfield Dupree	Rayfield Dupree
Raymond Clayborn	Raymond Clayborn
Raymond Ekevwo	Raymond Ekevwo
Raymond Higgs	Raymond Higgs
Raymond Pierre	Raymond Pierre
Rebecca Mehra	Rebecca Mehra
Red Ramsey	Red Ramsey
Reese Hoffa	Reese Hoffa
Reggie Clark	Reggie Clark
Reggie Davis	Reggie Davis (tight end)
Reggie Davis	Reggie Davis (wide receiver)
Reggie Jackson	Reggie Jackson
Reggie Jones	Reggie Jones (cornerback, born 1969)
Reggie Jones	Reggie Jones (cornerback, born 1986)
Reggie Jones	Reggie Jones (sprinter)
Reggie Jones	Reggie Jones (wide receiver)
Reggie Jones	Reggie Jones (cornerback, born 1969)
Reggie Jones	Reggie Jones (cornerback, born 1986)
Reggie Jones	Reggie Jones (sprinter)
Reggie Jones	Reggie Jones (wide receiver)
Reggie Kelly	Reggie Kelly
Reggie Lawrence	Reggie Lawrence
Reggie Lewis	Reggie Lewis (cornerback)
Reggie Lewis	Reggie Lewis (defensive lineman)
Reggie Pearman	Reggie Pearman
Reggie Robinson	Reggie Robinson
Reggie Torian	Reggie Torian
Reggie Witherspoon	Reggie Witherspoon (sprinter)
Reggie Wyatt	Reggie Wyatt
Regina George	Regina George (sprinter)
Regina Jacobs	Regina Jacobs
Regina Joyce	Regina Joyce
Reid Buchanan	Reid Buchanan
Reidar Lorentzen	Reidar Lorentzen
Remona Burchell	Remona Burchell
Renaldo Nehemiah	Renaldo Nehemiah
René Schmidheiny	René Schmidheiny
Reuben Reina	Reuben Reina
Reuben Reina	Reuben Reina
Rex Cawley	Rex Cawley
Rex Wilson	Rex Wilson (runner)
Reyna Thompson	Reyna Thompson
Reynaldo Brown	Reynaldo Brown
Rhasidat Adeleke	Rhasidat Adeleke
Rhema Otabor	Rhema Otabor
Rhesa Foster	Rhesa Foster
Rhonda Watkins	Rhonda Watkins
Ricardo Chambers	Ricardo Chambers
Ricardo Montes de Oca	Ricardo Montes de Oca
Ricardo Williams	Ricardo Williams (sprinter)
Rich Brooks	Rich Brooks
Rich Ferguson	Rich Ferguson (runner)
Rich Jackson	Rich Jackson
Rich Kenah	Rich Kenah
Rich Robinson	Rich Robinson (Canadian football)
Rich Thompson	Richard Thompson (sprinter)
Rich Wolhuter	Rick Wohlhuter
Richard Adu-Bobie	Richard Adu-Bobie
Richard Bucknor	Richard Bucknor
Richard Cooper	Richard Cooper (American football)
Richard Duncan	Richard Duncan (athlete)
Richard George	Richard George (javelin thrower)
Richard Hardware	Richard Hardware
Richard James	Richard James (sprinter, born 1956)
Richard James	Richard James (sprinter, born 1979)
Richard Jones	Richard Jones (sprinter)
Richard Jones	Richard Jones (sprinter)
Richard Kiplagat	Richard Kiplagat
Richard Louis	Richard Louis
Richard Murphy	Richard Murphy (American football)
Richard Olsen	Richard Olson (politician)
Richard Phillips	Richard Phillips (hurdler)
Richard Rock	Richard Rock (long jumper)
Richard Sherman	Richard Sherman (American football)
Richard Simonsen	Richard Simonsen
Richard Smith	Richard Smith (American football coach)
Richard Smith	Richard Smith (wide receiver)
Richard Stebbins	Richard Stebbins
Richard Thompson	Richard Thompson (sprinter)
Richie Boulet	Richie Boulet
Richie Harris	Richard Harris (American football)
Rick Cunningham	Rick Cunningham (American football)
Rick Dowswell	Rick Dowswell
Rick Noji	Rick Noji
Rick Sloan	Rick Sloan
Rick Wanamaker	Rick Wanamaker
Ricky Babineaux	Ricky Babineaux
Ricky Robertson	Ricky Robertson
Ricky Thompson	Ricky Thompson
Riker Hylton	Riker Hylton
Rikke Rønholt	Rikke Rønholt
Rikkoi Brathwaite	Rikkoi Brathwaite
Riley Chamberlain	Riley Chamberlain
Rilus Doolittle	Rilus Doolittle
Rilwan Alowonle	Rilwan Alowonle
Rink Babka	Rink Babka
Rivaldo Marshall	Rivaldo Marshall
Roald Bradstock	Roald Bradstock
Roar Hoff	Roar Hoff
Rob Johnson	Rob Johnson (American football)
Rob Mullett	Rob Mullett
Rob Muzzio	Rob Muzzio
Rob Myers	Rob Myers
Robby Andrews	Robby Andrews
Robert Cannon	Robert Cannon (triple jumper)
Robert Cheseret	Robert Cheseret
Robert Clark	Robert Clark (gridiron football)
Robert Douglas	Robert Douglas (American football)
Robert Dunning	Robert Dunning
Robert Ford	Robert Ford (American football)
Robert Foster	Robert Foster (American football)
Robert Foster	Robert Foster (hurdler)
Robert Foster	Robert Foster (American football)
Robert Foster	Robert Foster (hurdler)
Robert Gary	Robert Gary
Robert Grant	Robert Grant (athlete)
Robert Green	Robert Green (American football)
Robert Gregory	Robert Gregory (sprinter)
Robert Griffin	Robert Griffin (offensive lineman)
Robert Hall	Robert Hall (gridiron football)
Robert Heppenstall	Robert Heppenstall
Robert Howard	Robert Howard (triple jumper)
Robert Johnson	Robert Johnson (safety)
Robert Johnson	Robert Johnson (tight end)
Robert Johnson	Robert Johnson (wide receiver)
Robert Jones	Robert Jones (linebacker)
Robert Jones	Robert Jones (offensive lineman)
Robert Kelley	Robert Kelley (American football)
Robert LeGendre	Robert LeGendre
Robert Maxwell	Robert Maxwell (hurdler)
Robert Mitchell	Robert Mitchell (high jumper)
Robert Ouko	Robert Ouko (athlete)
Robert Reading	Robert Reading (athlete)
Robert Smith	Robert Smith (defensive end)
Robert Smith	Robert Smith (running back)
Robert Smith	Robert Smith (safety)
Robert Smith	Robert Smith (defensive end)
Robert Smith	Robert Smith (running back)
Robert Smith	Robert Smith (safety)
Robert Smith	Robert Smith (defensive end)
Robert Smith	Robert Smith (running back)
Robert Smith	Robert Smith (safety)
Robert Taylor	Robert Taylor (gridiron football)
Robert Taylor	Robert Taylor (sprinter, born 1948)
Robert Taylor	Robert Taylor (sprinter, born 1953)
Robert Thomas	Robert Thomas (defensive lineman)
Robert Thomas	Robert Thomas (fullback)
Robert Thomas	Robert Thomas (linebacker)
Robert Thompson	Robert Thompson (American football)
Robert Weir	Robert Weir (discus thrower)
Robert Wilson	Robert Wilson (running back)
Robert Wilson	Robert Wilson (wide receiver)
Robin van Helden	Robin van Helden
Robison Pratt	Robison Pratt
Rochelle Stevens	Rochelle Stevens
Rocky Hansen	Rocky Hansen
Rod Barksdale	Rod Barksdale
Rod Davis	Rod Davis (gridiron football)
Rod DeHaven	Rod DeHaven
Rod Ewaliko	Rod Ewaliko
Rod Hill	Rod Hill
Rod Jones	Rod Jones (cornerback)
Rod Jones	Rod Jones (offensive lineman)
Rod Jones	Rod Jones (tight end)
Rod Milburn	Rod Milburn
Rod Perry	Rod Perry (American football)
Rod Richard	Rod Richard
Rod Tolbert	Rod Tolbert
Rod Woodson	Rod Woodson
Roddie Haley	Roddie Haley
Rodney Brown	Rodney Brown (athlete)
Rodney Martin	Rodney Martin (sprinter)
Rodney Rowe	Rodney Rowe (athlete)
Rodney Wilson	Rod Wilson
Rodrigo Zelaya	Rodrigo Zelaya
Roger Colglazier	Roger Colglazier
Roger Johnson	Roger Johnson (hurdler)
Roger Jones	Roger Jones (American football)
Roger Jones	Roger Jones (American football)
Roger Kingdom	Roger Kingdom
Rohn Stark	Rohn Stark
Rohsaan Griffin	Rohsaan Griffin
Roisin McGettigan	Roisin McGettigan
Roisin Willis	Roisin Willis
Rojé Stona	Rojé Stona
Roland McGhee	Roland McGhee
Roland Sales	Roland Sales
Roland Sink	Roland Sink
Rolando Cruz	Rolando Cruz
Rollin Prather	Rollin Prather
Romaine Beckford	Romaine Beckford
Roman Linscheid	Roman Linscheid
Roman Oravec	Roman Oravec
Ron Backes	Ron Backes
Ron Bramlett	Ron Bramlett
Ron Brown	Ron Brown (linebacker)
Ron Brown	Ron Brown (wide receiver)
Ron Copeland	Ron Copeland (athlete)
Ron Davis	Ron Davis (defensive back)
Ron Delany	Ron Delany
Ron George	Ron George (American football)
Ron Hill	Ron Hill
Ron Hughes	Ron Hughes (American football)
Ron Jessie	Ron Jessie
Ron Johnson	Ron Johnson (cornerback)
Ron Johnson	Ron Johnson (defensive end)
Ron Johnson	Ron Johnson (quarterback)
Ron Johnson	Ron Johnson (running back)
Ron Johnson	Ron Johnson (wide receiver, born 1958)
Ron Johnson	Ron Johnson (wide receiver, born 1980)
Ron Jones	Ron Jones (American football)
Ron Jones	Ron Jones (sprinter)
Ron Jourdan	Ron Jourdan
Ron Kutschinski	Ron Kutschinski
Ron Lee	Ron Lee (American football)
Ron Mitchell	Ron Mitchell (coach)
Ron Morris	Ron Morris (American football)
Ron Morris	Ron Morris (Canadian football)
Ron Morris	Ron Morris (pole vaulter)
Ron Soble	Ron Soble
Ron Stonitsch	Ron Stonitsch
Ron Whitney	Ron Whitney
Ronald Forbes	Ronald Forbes
Rondel Sorrillo	Rondel Sorrillo
Ronetta Smith	Ronetta Smith
Ronnie Ash	Ronnie Ash
Ronnie Baker	Ronnie Baker (sprinter)
Ronnie Harris	Ronnie Harris (American football)
Ronnie Harris	Ronnie Harris (sprinter)
Ronnie Powell	Ronnie Powell (American football)
Ronnie Ray Smith	Ronnie Ray Smith
Ronnie Taylor	Ron Taylor (American football)
Ronnie Williams	Ronnie Williams (American football)
Rory Linkletter	Rory Linkletter
Roscoe Cook	Roscoe Cook
Roscoe Divine	Roscoe Divine
Rose Richmond	Rose Richmond
Rose-Anne Galligan	Rose-Anne Galligan
Rosemary Chukwuma	Rosemary Chukwuma
Rosemary Longisa	Rosemary Longisa
Rosemary Ryan	Rosemary Ryan
Rosey Edeh	Rosey Edeh
Rosey Effiong	Rosey Effiong
Rosey Grier	Rosey Grier
Rosie Clarke	Rosie Clarke
Ross Donoghue	Ross Donoghue
Ross MacKenzie	Ross MacKenzie (sprinter)
Ross Millington	Ross Millington
Rowan Hamilton	Rowan Hamilton
Roxbert Martin	Roxbert Martin
Roy Cochran	Roy Cochran
Roy Martin	Roy Martin (sprinter)
Roy Staley	Roy Staley
Roy Williams	Roy Williams (decathlete)
Roy Williams	Roy Williams (defensive tackle)
Roy Williams	Roy Williams (safety)
Roy Williams	Roy Williams (wide receiver)
Rubin Williams	Rubin Williams (sprinter)
Rudon Bastian	Rudon Bastian
Rudy Chapa	Rudy Chapa
Rudy Reid	Rudy Reid
Rudy Winkler	Rudy Winkler
Ruebin Walters	Ruebin Walters
Rufina Ubah	Rufina Ubah
Ruperta Charles	Ruperta Charles
Rushelle Burton	Rushelle Burton
Russ Buller	Russ Buller
Russ Hodge	Russ Hodge
Russ Rogers	Russ Rogers
Russ Rogers	Russ Rogers
Russell Carter	Russell Carter (American football)
Russell Robinson	Russell Robinson (triple jumper)
Ruth Usoro	Ruth Usoro
Ruth Waithera Nganga	Ruth Waithera
Ruth Waller	Ruth Waller
Ryan Carter	Ryan Carter (American football)
Ryan Clark	Ryan Clark (American football)
Ryan Collins	Ryan Collins
Ryan Crouser	Ryan Crouser
Ryan Ford	Ryan Ford (runner)
Ryan Foster	Ryan Foster (runner)
Ryan Hall	Ryan Hall (runner)
Ryan Harlan	Ryan Harlan
Ryan Hayden	Ryan Hayden
Ryan Hill	Ryan Hill
Ryan Johnson	Ryan Johnson (hammer thrower)
Ryan Martin	Ryan Martin (athlete)
Ryan Shay	Ryan Shay
Ryan Smeeton	Ryan Smeeton
Ryan Smith	Ryan Smith (cornerback, born 1985)
Ryan Smith	Ryan Smith (cornerback, born 1993)
Ryan Smith	Ryan Smith (wide receiver)
Ryan Smith	Ryan Smith (cornerback, born 1985)
Ryan Smith	Ryan Smith (cornerback, born 1993)
Ryan Smith	Ryan Smith (wide receiver)
Ryan Taylor	Ryan Taylor (American football)
Ryan Travis	Ryan Travis
Ryan Vail	Ryan Vail
Ryan Whiting	Ryan Whiting
Ryan Willie	Ryan Willie
Ryan Wilson	Ryan Wilson (hurdler)
Ryan Wilson	Ryan Wilson (hurdler)
Ryann Krais	Ryann Krais
Ryann Porter	Ryann Porter
Rūta Lasmane	Rūta Lasmane
Saad Hinti	Saad Hinti
Sabrina Dornhoefer	Sabrina Dornhoefer
Sadie Engelhardt	Sadie Engelhardt
Sage Watson	Sage Watson
Saidat Onanuga	Saidat Onanuga
Salaam Gariba	Salaam Gariba
Salif Mane	Salif Mane
Sally Kipyego	Sally Kipyego
Salma Elbadra	Salma Elbadra
Sam Adams	Sam Adams (American football)
Sam Adams	Sam Adams (Canadian football)
Sam Burley	Sam Burley
Sam Chelanga	Sam Chelanga
Sam Colson	Sam Colson
Sam Crouser	Sam Crouser
Sam Davis	Sam Davis (American football)
Sam Ellis	Sam Ellis (runner)
Sam Evans	Sam Evans
Sam Felton	Sam Felton
Sam Francis	Sam Francis (American football)
Sam Gilman	Sam Gilman (runner)
Sam Graddy	Sam Graddy
Sam Jefferson	Sam Jefferson
Sam Johnson	Sam Johnson (defensive back)
Sam Johnson	Sam Johnson (wide receiver)
Sam Kendricks	Sam Kendricks
Sam Mattis	Sam Mattis
Sam McEntee	Sam McEntee
Sam Prakel	Sam Prakel
Sam Stoller	Sam Stoller
Sam Whitmarsh	Sam Whitmarsh
Samantha George	Samantha George (athlete)
Samantha George	Samantha George (athlete)
Samantha Henry	Samantha Henry-Robinson
Samantha Murray	Samantha Murray
Samie Parker	Samie Parker
Samir Vincent	Samir Vincent
Samirah Moody	Samirah Moody
Sammy Koskei	Sammy Koskei
Sammy Walker	Sammy Walker (American football)
Samson Colebrooke	Samson Colebrooke
Samson Kimobwa	Samson Kimobwa
Samuel Matete	Samuel Matete
Samuel Ogazi	Samuel Ogazi
Samuel Vessat	Samuel Vessat
Sanaä Barnes	Sanaa Barnes
Sandi Morris	Sandi Morris
Sandie Richards	Sandie Richards
Sandra Smith	Sandra Smith (reporter)
Sanjay Ayre	Sanjay Ayre
Santiago Lorenzo	Santiago Lorenzo
Sanu Jallow-Lockhart	Sanu Jallow-Lockhart
Sara Gorton Slattery	Sara Slattery
Sara Savatović	Sara Savatović
Sara Sutherland	Sara Sutherland
Sara Zabarino	Sara Zabarino
Sarah Bowman Brown	Sarah Brown (athlete)
Sarah Nambawa	Sarah Nambawa
Sarah Pagano	Sarah Pagano
Sarah Schwald	Sarah Schwald
Sarah Tait	Sarah Tait (runner)
Savannah Sutherland	Savannah Sutherland
Savanté Stringfellow	Savanté Stringfellow
Savatheda Fynes	Savatheda Fynes
Schowonda Williams	Schowonda Williams
Schuyler Enck	Schuyler Enck
Scott Anderson	Scott Anderson (American football)
Scott Anderson	Scott Anderson (athlete)
Scott Cappos	Scott Cappos
Scott Davis	Scott Davis (defensive lineman)
Scott Davis	Scott Davis (offensive lineman)
Scott Davis	Scott Davis (defensive lineman)
Scott Davis	Scott Davis (offensive lineman)
Scott English	Scott English (basketball)
Scott Hennig	Scott Hennig
Scott Huffman	Scott Huffman
Scott Martin	Scott Martin (Pennsylvania politician)
Scott Martin	Scott Martin (thrower)
Scott Neilson	Scott Neilson (hammer thrower)
Scott Overall	Scott Overall
Scott Peters	Scott Peters (American football)
Scott Rider	Scott Rider
Scott Roth	Scott Roth (athlete)
Scott Russell	Scott Russell (javelin thrower)
Scott Sellers	Scott Sellers
Scott Turner	Scott Turner (American football coach)
Scott Turner	Scott Turner (politician)
Scott Young	Scott Young (American football)
Scottie Vines	Scottie Vines
Scottie Vines	Scottie Vines (high jumper)
Scotty Miller	Scotty Miller
Sean Bailey	Sean Bailey (sprinter)
Sean Burrell	Sean Burrell
Sean Dolan	Sean Dolan (runner)
Sean Dollman	Sean Dollman
Sean Donnelly	Sean Donnelly
Sean Furey	Sean Furey
Sean Graham	Sean Graham
Sean Kaley	Sean Kaley
Sean Lee	Sean Lee
Sean McGorty	Sean McGorty
Sean Murphy	Sean Murphy (American football)
Seibert Straughn	Seibert Straughn
Seilala Sua	Seilala Sua
Selim Nurudeen	Selim Nurudeen
Selwyn Jones	Selwyn Jones
Semira Killebrew	Semira Killebrew
Semoy Hackett	Semoy Hackett
Seneca Lassiter	Seneca Lassiter
Senoj-Jay Givans	Senoj-Jay Givans
Serene Ross	Serene Ross
Serge Bengono	Serge Bengono
Seth Amoo	Seth Amoo
Seun Adigun	Seun Adigun
Seymour Fagan	Seymour Fagan
Sha'Carri Richardson	Sha'Carri Richardson
Sha'Keela Saunders	Sha'Keela Saunders
Sha-ri Pendleton	Sha-ri Pendleton
Shadae Lawrence	Shadae Lawrence
Shadrack Kipchirchir	Shadrack Kipchirchir
Shae Anderson	Shae Anderson
Shafiqua Maloney	Shafiqua Maloney
Shakima Wimbley	Shakima Wimbley
Shalane Flanagan	Shalane Flanagan
Shalaya Kipp	Shalaya Kipp
Shalonda Solomon	Shalonda Solomon
Shamar Sands	Shamar Sands
Shameka Marshall	Shameka Marshall
Shamier Little	Shamier Little
Shana Cox	Shana Cox
Shana Grebo	Shana Grebo
Shana Williams	Shana Williams
Shane Brathwaite	Shane Brathwaite
Shane Charles	Shane Charles
Shane Collins	Shane Collins (American football)
Shanelle Porter	Shanelle Porter
Shani Marks	Shani Marks
Shania Collins	Shania Collins
Shanice Love	Shanice Love
Shanieka Thomas-Ricketts	Shanieka Ricketts
Shannon Flockhart	Shannon Flockhart
Shannon Osika	Shannon Osika
Shannon Ray	Shannon Ray
Shannon Rowbury	Shannon Rowbury
Shantae Foreman	Shantae Foreman
Shaquena Foote	Shaquena Foote
Shaquille Walker	Shaquille Walker
Shara Proctor	Shara Proctor
Shareese Woods	Shareese Woods
Sharif Karie	Sharif Karie
Sharika Nelvis	Sharika Nelvis
Sharon Couch	Sharon Couch
Sharon Dabney	Sharon Dabney
Sharon Jaklofsky	Sharon Jaklofsky
Sharon Lokedi	Sharon Lokedi
Sharon Powell	Sharon Powell
Sharrieffa Barksdale	Sharrieffa Barksdale
Shaun Maswanganyi	Shaun Maswanganyi
Shaun Pickering	Shaun Pickering
Shaun Smith	Shaun Smith (defensive lineman)
Shaun Smith	Shaun Smith (linebacker)
Shauna Rohbock	Shauna Rohbock
Shavez Hart	Shavez Hart
Shawn Barber	Shawn Barber (American football)
Shawn Barber	Shawn Barber (pole vaulter)
Shawn Crawford	Shawn Crawford
Shawn Moore	Shawn Moore
Sheddric Fields	Sheddric Fields
Sheikh Faye	Sheikh Faye
Sheila Echols	Sheila Echols
Sheila Hudson	Sheila Hudson
Sheila Reid	Sheila Reid (athlete)
Shelbi Vaughan	Shelbi Vaughan
Shelby Frank	Shelby Frank
Shelby Houlihan	Shelby Houlihan
Shelby McEwen	Shelby McEwen
Sheldon Blockburger	Sheldon Blockburger
Shelia Burrell	Shelia Burrell
Shellene Williams	Shellene Williams
Shelly Steely	Shelly Steely
Shenese Walker	Shenese Walker
Sheniqua Ferguson	Sheniqua Ferguson
Shereefa Lloyd	Shereefa Lloyd
Sheri-Ann Brooks	Sheri-Ann Brooks
Shermaine Ross	Shermaine Ross
Sherri Howard	Sherri Howard
Sherridan Kirk	Sherridan Kirk
Sherry Fletcher	Sherry Fletcher
Sheryl Morgan	Sheryl Morgan
Shola Lynch	Shola Lynch
Sig Ohlemann	Sig Ohlemann
Silje Fjørtoft	Silje Fjørtoft
Sim Iness	Sim Iness
Simen Guttormsen	Simen Guttormsen
Simeon Birnbaum	Simeon Birnbaum
Simidele Adeagbo	Simidele Adeagbo
Simon Arkell	Simon Arkell
Simon Bairu	Simon Bairu
Simon Shirley	Simon Shirley
Simon Williams	Simon Williams (shot putter)
Simone Charley	Simone Charley
Simone Facey	Simone Facey
Simone Plourde	Simone Plourde
Simoné du Toit	Simoné du Toit
Sinclaire Johnson	Sinclaire Johnson
Sintayehu Vissa	Sintayehu Vissa
Siraj Williams	Siraj Williams
Slip Watkins	Slip Watkins
Smilla Kolbe	Smilla Kolbe
Solomon Amegatcher	Solomon Amegatcher
Solomon Simmons	Solomon Simmons
Sondre Guttormsen	Sondre Guttormsen
Sonia Gaskin	Sonia Gaskin
Sonia O'Sullivan	Sonia O'Sullivan
Sophia Beckmon	Sophia Beckmon
Sophia Gorriaran	Sophia Gorriaran
Sophia Hunter	Sophia Hunter
Sophie O'Sullivan	Sophie O'Sullivan
Sosthenes Bitok	Sosthenes Bitok
Sotirios Moutsanas	Sotirios Moutsanas
Soufiane Bouchikhi	Soufiane Bouchikhi
Sparkle McKnight	Sparkle McKnight
Spencer Brown	Spencer Brown (offensive tackle)
Spencer Brown	Spencer Brown (running back)
Spencer Johnson	Spencer Johnson (American football)
Stacey Bowen	Stacey Bowen
Stacey Simmons	Stacey Simmons (American football)
Stacey-Ann Smith	Stacey-Ann Smith
Stacy Andrews	Stacy Andrews
Staffan Strand	Staffan Strand
Stamatía Scarvélis	Stamatia Scarvelis
Stan Kozlowski	Stan Kozlowski
Stan Vinson	Stan Vinson
Stanford Routt	Stanford Routt
Stanley Floyd	Stanley Floyd
Stanley Gbagbeke	Stanley Gbagbeke
Stanley Kebenei	Stanley Kebenei
Stanley Morgan	Stanley Morgan
Stanley Redwine	Stanley Redwine
Stefan Brits	Stefan Brits
Stefan Fernholm	Stefan Fernholm
Steffin McCarter	Steffin McCarter
Stella Christoforou	Stella Christoforou
Sten Ekberg	Sten Ekberg
Stephanie Best	Stephanie Best
Stephanie Davis	Stephanie Davis (runner)
Stephanie Durst	Stephanie Durst
Stephanie Garcia	Stephanie Garcia
Stephanie Ratcliffe	Stephanie Ratcliffe
Stephen Jones	Stephen Jones (American football)
Stephen Jones	Stephen Jones (Canadian football)
Stephen Jones	Stephen Jones (hurdler)
Stephen Mozia	Stephen Mozia
Stephen Newbold	Stephen Newbold
Stephen Sambu	Stephen Sambu
Stephen Starring	Stephen Starring
Sterling Hinds	Sterling Hinds
Steve Anderson	Steve Anderson (hurdler)
Steve Anderson	Steve Anderson (hurdler)
Steve Brooks	Steve Brooks (American football)
Steve Brown	Steve Brown (American football)
Steve Brown	Steve Brown (hurdler)
Steve Brown	Steve Brown (American football)
Steve Brown	Steve Brown (hurdler)
Steve Brown	Steve Brown (American football)
Steve Brown	Steve Brown (hurdler)
Steve Campbell	Steve Campbell (American football)
Steve Davis	Steve Davis (quarterback)
Steve Davis	Steve Davis (running back)
Steve Davis	Steve Davis (quarterback)
Steve Davis	Steve Davis (running back)
Steve Fritz	Steve Fritz
Steve Griffiths	Steve Griffiths (athlete)
Steve Hanna	Steve Hanna
Steve Herndon	Steve Herndon
Steve Holma	Steve Holman (athlete)
Steve Howard	Steve Howard (baseball)
Steve Johnson	Steve Johnson (coach)
Steve Johnson	Steve Johnson (tight end)
Steve Jordan	Steve Jordan (placekicker)
Steve Jordan	Steve Jordan (tight end)
Steve Lacy	Steve Lacy (coach)
Steve Lacy	Steve Lacy (runner)
Steve Lewis	Steve Lewis (sprinter)
Steve Lofton	Steve Lofton
Steve Martin	Steve Martin (defensive end)
Steve Martin	Steve Martin (defensive tackle)
Steve Owens	Steve Owens (American football)
Steve Owens	Steve Owens (baseball)
Steve Parker	Steve Parker (defensive end, born 1956)
Steve Parker	Steve Parker (defensive end, born 1959)
Steve Plasencia	Steve Plasencia
Steve Prefontaine	Steve Prefontaine
Steve Riddick	Steve Riddick
Steve Savage	Steve Savage
Steve Scott	Steve Scott (runner)
Steve Slattery	Steve Slattery
Steve Smith	Steve Smith (American high jumper)
Steve Smith	Steve Smith (British high jumper)
Steve Smith	Steve Smith (defensive back)
Steve Smith	Steve Smith (offensive lineman)
Steve Smith	Steve Smith (pitcher)
Steve Smith	Steve Smith (pole vaulter)
Steve Smith	Steve Smith (quarterback)
Steve Smith	Steve Smith (running back)
Steve Smith	Steve Smith (wide receiver, born 1974)
Steve Smith	Steve Smith (wide receiver, born 1985)
Steve Smith	Steve Smith (American high jumper)
Steve Smith	Steve Smith (British high jumper)
Steve Smith	Steve Smith (defensive back)
Steve Smith	Steve Smith (offensive lineman)
Steve Smith	Steve Smith (pitcher)
Steve Smith	Steve Smith (pole vaulter)
Steve Smith	Steve Smith (quarterback)
Steve Smith	Steve Smith (running back)
Steve Smith	Steve Smith (wide receiver, born 1974)
Steve Smith	Steve Smith (wide receiver, born 1985)
Steve Taylor	Steve Taylor (Canadian football)
Steve Taylor	Steve Taylor (runner)
Steve Taylor	Steve Taylor (safety)
Steve Williams	Steve Williams (cornerback)
Steve Williams	Steve Williams (defensive end)
Steve Williams	Steve Williams (sprinter)
Steve Williams	Steve Williams (wrestler)
Steve Williams	Steve Williams (cornerback)
Steve Williams	Steve Williams (defensive end)
Steve Williams	Steve Williams (sprinter)
Steve Williams	Steve Williams (wrestler)
Steve Wilson	Steve Wilson (defensive back)
Steve Wilson	Steve Wilson (offensive lineman)
Steve Young	Steve Young
Steve Young	Steve Young (offensive tackle)
Steven Gayle	Steven Gayle
Steven Jackson	Steven Jackson
Steven Jackson	Steven Jackson (fullback)
Steven McElroy	Steven McElroy (athlete)
Steven Solomon	Steven Solomon
Stevon Roberts	Stevon Roberts
Stipe Žunić	Stipe Žunić
Stone Johnson	Stone Johnson
Stormy Kendrick	Stormy Kendrick
Suleiman Nyambui	Suleiman Nyambui
Sultan McCullough	Sultan McCullough
Sultan Tucker	Sultan Tucker
Sultana Frizell	Sultana Frizell
Sunday Uti	Sunday Uti
Sunder Nix	Sunder Nix
Susan Brownell	Susan Brownell
Susan Ejore	Susan Ejore
Susan Krumins-Kuijken	Susan Krumins
Susanna Kallur	Susanna Kallur
Susanne Lorentzon	Susanne Lorentzon
Suzette Lee	Suzette Lee
Suziann Reid	Suziann Reid
Suzie Tanefo	Suzie Tanefo
Sven Nylander	Sven Nylander
Sydney Maree	Sydney Maree
Sylvia Mosqueda	Sylvia Mosqueda
Síofra Cléirigh Büttner	Síofra Cléirigh Büttner
T'erea Brown	T'erea Brown
T'Mars McCallum	T'Mars McCallum
Tabarie Henry	Tabarie Henry
Tabia Charles	Tabia Charles
Tade Ojora	Tade Ojora
Tahesia Harrigan-Scott	Tahesia Harrigan-Scott
Talitha Diggs	Talitha Diggs
Taliyah Brooks	Taliyah Brooks
Tamara Armoush	Tamara Armoush
Tamara Clark	Tamara Clark
Tamara Myers	Tamara Myers
Tameka Jameson	Tameka Jameson
Tamás Molnár	Tamás Molnár (sprinter)
Tanika Liburd	Tanika Liburd
Tanya Blake	Tanya Blake
Tanya Dooley	Tanya Dooley
Tanya Hughes	Tanya Hughes
Tara Davis-Woodhall	Tara Davis-Woodhall
Tarik Robinson-O'Hagan	Tarik Robinson-O'Hagan
Tarsis Orogot	Tarsis Orogot
Taryn Parks	Taryn Parks
Tatiána Gusin	Tatiana Gusin
Tavaris Tate	Tavaris Tate
Tavis Bailey	Tavis Bailey
Tawanda Chiwira	Tawanda Chiwira
Taye Biddle	Taye Biddle
Taylor Bennett	Taylor Bennett (American football)
Taylor Ellis-Watson	Taylor Ellis-Watson
Taylor Manson	Taylor Manson
Taylor Roe	Taylor Roe
Taylor Werner	Taylor Werner
Tayna Lawrence	Tayna Lawrence
Tayvon Kitchen	Tayvon Kitchen
Teahna Daniels	Teahna Daniels
Ted Nelson	Ted Nelson (track and field)
Ted Wheeler	Ted Wheeler (American football)
Ted Wheeler	Ted Wheeler (runner)
Ted Woods	Ted Woods
Teddy Williams	Teddy Williams (American football)
Tejaswin Shankar	Tejaswin Shankar
TeJyrica Robinson	TeJyrica Robinson
Temi Ojora	Temi Ojora
Temitope Adeshina	Temitope Adeshina
Temoso Masikane	Temoso Masikane
Tepa Reinikainen	Tepa Reinikainen
Teray Smith	Teray Smith
Terence Newman	Terence Newman
Teri Steer-Cantwell	Teri Steer
Terrance Herrington	Terrance Herrington
Terrance Laird	Terrance Laird
Terrell McClain	Terrell McClain
Terrell Wilks	Terrell Wilks
Terrence Jones	Terrence Jones (athlete)
Terrence Jones	Terrence Jones (gridiron football)
Terrence Mahon	Terrence Mahon
Terrence Trammell	Terrence Trammell
Terri Dendy	Terri Dendy
Terri Turner	Terri Turner
Terril Davis	Terril Davis
Terry Albritton	Terry Albritton
Terry Beucher	Terry Beucher
Terry Brahm	Terry Brahm
Terry Jones	Terry Jones (defensive tackle)
Terry Jones	Terry Jones (tight end)
Terry McDaniel	Terry McDaniel
Terry Metcalf	Terry Metcalf
Terry Porter	Terry Porter (pole vaulter)
Terry Reese	Terry Reese
Terry Scott	Terry Scott (sprinter)
Terry Scott	Terry Scott (sprinter)
Terry Smith	Terry Smith (American football, born 1959)
Terry Smith	Terry Smith (American football, born 1969)
Terry Tobacco	Terry Tobacco
Tex Winter	Tex Winter
Texas Tanner	Texas Tanner
Thane Baker	Thane Baker
Thea LaFond	Thea LaFond
Thelma Davies	Thelma Davies
Theo Viltz	Theo Viltz
Thom Hunt	Thom Hunt
Thomas Chamney	Thomas Chamney
Thomas Dickson	Thomas Dickson (sprinter)
Thomas Eriksson	Thomas Eriksson (high jumper)
Thomas Hill	Thomas Hill (hurdler)
Thomas Jacob Freeman	Jake Freeman
Thomas Jefferson	Thomas Jefferson (sprinter)
Thomas Johnson	Thomas Johnson (American football coach)
Thomas Johnson	Thomas Johnson (defensive tackle)
Thomas Jordan	Thomas Jordan (sprinter)
Thomas Mardal	Thomas Mardal
Thomas Randolph	Thomas Randolph (American football)
Thomas Randolph	Thomas Randolph (runner)
Thomas Whatley	Thomas Whatley
Thomas Wilcher	Thomas Wilcher
Tia Brooks	Tia Brooks
Tiandra Ponteen	Tiandra Ponteen
Tiarnan Crorken	Tiarnan Crorken
Tiffani McReynolds	Tiffani McReynolds
Tiffany Flynn	Tiffany Flynn
Tiffany Townsend	Tiffany Townsend
Till Steinforth	Till Steinforth
Tim Barrett	Tim Barrett (triple jumper)
Tim Broe	Tim Broe
Tim Dale	Tim Dale
Tim Duckworth	Tim Duckworth (American football)
Tim Duckworth	Tim Duckworth (decathlete)
Tim Dwight	Tim Dwight
Tim Ehrhardt	Tim Ehrhardt
Tim Fox	Tim Fox (American football)
Tim Green	Tim Green
Tim Harden	Tim Harden
Tim Harris	Tim Harris (cornerback)
Tim Harris	Tim Harris (linebacker)
Tim Harris	Tim Harris (running back)
Tim Hesse	Tim Hesse
Tim James	Tim James (Alabama politician)
Tim Johnson	Tim Johnson (American football coach)
Tim Johnson	Tim Johnson (defensive lineman)
Tim Johnson	Tim Johnson (linebacker)
Tim Johnson	Tim Johnson (American football coach)
Tim Johnson	Tim Johnson (defensive lineman)
Tim Johnson	Tim Johnson (linebacker)
Tim Johnson	Tim Johnson (American football coach)
Tim Johnson	Tim Johnson (defensive lineman)
Tim Johnson	Tim Johnson (linebacker)
Tim Martin	Tim Martin (American football)
Tim Martin	Tim Martin (American football)
Tim Martin	Tim Martin (American football)
Tim McDonald	Tim McDonald (American football)
Tim Nedow	Tim Nedow
Tim Nelson	Tim Nelson (runner)
Tim Scott	Tim Scott (American football)
Tim Smith	Tim Smith (defensive tackle)
Tim Smith	Tim Smith (wide receiver)
Tim Smith	Tim Smith (defensive tackle)
Tim Smith	Tim Smith (wide receiver)
Tim Thomas	Tim Thomas (athlete)
Tim Vollmer	Tim Vollmer
Tim White	Tim White (gridiron football)
Tima Godbless	Tima Godbless
Timara Chapman	Timara Chapman
Tina Iheagwam	Tina Iheagwam
Tina Šutej	Tina Šutej
Tinashe Mutanga	Tinashe Mutanga
Tiny Gooch	Tiny Gooch
Tiny Lewis	Tiny Lewis
Tiombé Hurd	Tiombe Hurd
Tirrel Burton	Tirrel Burton
Tisha Waller	Tisha Waller
Tito Steiner	Tito Steiner
TJ Holmes	TJ Holmes (athlete)
Tobi Amusan	Tobi Amusan
Toby Stevenson	Toby Stevenson (pole vaulter)
Tod Long	Tod Long
Todd Davis	Todd Davis (American football)
Todd Harbour	Todd Harbour
Todd Riech	Todd Riech
Todd Williams	Todd Williams (American football)
Todd Williams	Todd Williams (runner)
Tom Andrews	Tom Andrews (American football)
Tom Andrews	Tom Andrews (sprinter)
Tom Ansberry	Tom Ansberry
Tom Brady	Tom Brady
Tom Brosius	Tom Brosius
Tom Byers	Tom Byers (runner)
Tom Courtney	Tom Courtney
Tom Cox	Tom Cox (American football)
Tom Deckard	Tom Deckard
Tom Farrell	Tom Farrell (hurdler)
Tom Farrell	Tom Farrell (long-distance runner)
Tom Farrell	Tom Farrell (middle-distance runner)
Tom Farrell	Tom Farrell (hurdler)
Tom Farrell	Tom Farrell (long-distance runner)
Tom Farrell	Tom Farrell (middle-distance runner)
Tom Gage	Tom Gage (athlete)
Tom Geredine	Tom Geredine
Tom Graves	Tom Graves (American football)
Tom Jones	Tom Jones (coach)
Tom Jones	Tom Jones (end)
Tom Jones	Tom Jones (gridiron football)
Tom Jones	Tom Jones (runner)
Tom Jones	Tom Jones (coach)
Tom Jones	Tom Jones (end)
Tom Jones	Tom Jones (gridiron football)
Tom Jones	Tom Jones (runner)
Tom Lancashire	Tom Lancashire
Tom Lieb	Tom Lieb
Tom Mitchell	Tom Mitchell (American football)
Tom Moore	Tom Moore (American football coach, born 1938)
Tom Moore	Tom Moore (American football coach, born 1945)
Tom Moore	Tom Moore (running back)
Tom Moore	Tom Moore (track)
Tom Murphy	Tom Murphy (American football)
Tom Murphy	Tom Murphy (runner)
Tom Newberry	Tom Newberry
Tom Nohilly	Tom Nohilly
Tom Ottey	Tom Ottey
Tom Pappas	Tom Pappas
Tom Poor	Tom Poor
Tom Pukstys	Tom Pukstys
Tom Quinn	Tom Quinn (American football)
Tom Rogers	Tom Rogers (American football, born 1902)
Tom Rogers	Tom Rogers (American football, born 1910)
Tom Sinclair	Tom Sinclair
Tom Smith	Tom Smith (American football)
Tom Smith	Tom Smith (American football)
Tom Sullivan	Tom Sullivan (American football)
Tom Tait	Tom Tait (volleyball)
Tom Ulan	Tom Ulan
Tom Von Ruden	Tom Von Ruden
Tom Wilson	Tom Wilson (American football)
Tom Woods	Tom Woods (American football)
Tom Woods	Tom Woods (high jumper)
Tom Young	Tom Young (American football)
Tommie Smith	Tommie Smith
Tommy Asinga	Tommy Asinga
Tommy Haynes	Tommy Haynes
Tommy Haynes	Tommy Haynes (American football)
Tommy Hughes	Tommy Hughes (runner)
Tommy Manning	Tommy Manning
Tommy Thompson	Tommy Thompson (linebacker)
Tommy Thompson	Tommy Thompson (punter)
Tommy Thompson	Tommy Thompson (quarterback)
Tonea Marshall	Tonea Marshall
Tonie Campbell	Tonie Campbell
Tonique Williams-Darling	Tonique Williams-Darling
Tony Adams	Tony Adams (quarterback)
Tony Adams	Tony Adams (safety)
Tony Banks	Tony Banks (American football)
Tony Barton	Tony Barton (athlete)
Tony Berrian	Tony Berrian
Tony Brown	Tony Brown (defensive back, born 1970)
Tony Brown	Tony Brown (defensive back, born 1995)
Tony Brown	Tony Brown (defensive tackle)
Tony Brown	Tony Brown (offensive lineman)
Tony Brown	Tony Brown (wide receiver)
Tony Cosey	Tony Cosey
Tony Darden	Tony Darden
Tony Darden	Tony Darden (American football)
Tony Davis	Tony Davis (cornerback)
Tony Davis	Tony Davis (running back)
Tony Jones	Tony Jones (linebacker)
Tony Jones	Tony Jones (offensive tackle)
Tony Jones	Tony Jones (wide receiver)
Tony Jones	Tony Jones (linebacker)
Tony Jones	Tony Jones (offensive tackle)
Tony Jones	Tony Jones (wide receiver)
Tony Jones	Tony Jones (linebacker)
Tony Jones	Tony Jones (offensive tackle)
Tony Jones	Tony Jones (wide receiver)
Tony McCall	Tony McCall
Tony McQuay	Tony McQuay
Tony Sandoval	Tony Sandoval
Tony Sharpe	Tony Sharpe
Tony Staynings	Tony Staynings
Tony Waldrop	Tony Waldrop
Tony Wheeler	Tony Wheeler (athlete)
Tony Williams	Tony Williams (American football)
Tonya Nero	Tonya Nero
Tora Harris	Tora Harris
Tore Gustafsson	Tore Gustafsson
Tore Johnsen	Tore Johnsen (hammer thrower)
Tori Anthony	Tori Anthony
Tori Bowie	Tori Bowie
Tori Franklin	Tori Franklin
Tori Pena	Tori Pena
Tori Polk	Tori Polk
Torrance Zellner	Torrance Zellner
Torri Edwards	Torri Edwards
Torrin Lawrence	Torrin Lawrence
Toya Jones	Toya Jones
Tracy Baskin	Tracy Baskin
Tracy Mattes	Tracy Mattes
Tracy Robertson	Tracy Robertson
Tracy Smith	Tracy Smith (long jumper)
Tracy Smith	Tracy Smith (runner)
Tracye Lawyer	Tracye Lawyer
Tranel Hawkins	Tranel Hawkins
Travia Jones	Travia Jones
Travis Hannah	Travis Hannah
Travis Padgett	Travis Padgett
Travis Thomas	Travis Thomas
Travis Williams	Travis Williams (linebacker)
Travis Williams	Travis Williams (running back)
Travis Williams	Travis Williams (sprinter)
Travis Williams	Travis Williams (tailback)
Trayvon Bromell	Trayvon Bromell
Tremaine Smith	Tremaine Smith
Treneese Hamilton	Treneese Hamilton
Tressa Thompson	Tressa Thompson
Trevaia Williams	Trevaia Williams
Trevante Rhodes	Trevante Rhodes
Trevell Quinley	Trevell Quinley
Trevor Campbell	Trevor Campbell
Trevor James	Trevor James (athlete)
Trevor Stewart	Trevor Stewart (sprinter)
Trevor Woods	Trevor Woods
Trey Culver	Trey Culver
Trey Cunningham	Trey Cunningham
Trey Hardee	Trey Hardee
Trey Henderson	Trey Henderson
Trey Knight	Trey Knight
Trindon Holliday	Trindon Holliday
Trine Pilskog	Trine Pilskog
Trish Bartholomew	Trish Bartholomew
Tristan Evelyn	Tristan Evelyn
Trond Skramstad	Trond Skramstad
Troy Davis	Troy Davis (linebacker)
Troy Davis	Troy Davis (running back)
Troy Doris	Troy Doris
Troy Kemp	Troy Kemp
Troy Reeder	Troy Reeder
Trumaine Jefferson	Trumaine Jefferson
Tuan Wreh	Tuan Wreh
Turner Washington	Turner Washington
Tye Harvey	Tye Harvey
Tyler Bilyard	Tyler Bilyard
Tyler Davis	Tyler Davis (defensive lineman)
Tyler Davis	Tyler Davis (placekicker)
Tyler Davis	Tyler Davis (tight end)
Tyler Johnson	Tyler Johnson (American football)
Tyler Johnson	Tyler Johnson (American football)
Tyler Mulder	Tyler Mulder
Tynia Gaither	Tynia Gaither
Tynita Butts-Townsend	Tynita Butts-Townsend
Tyra Gittens	Tyra Gittens
Tyreek Hill	Tyreek Hill
Tyrell Richard	Tyrell Richard
Tyrice Taylor	Tyrice Taylor
Tyron Akins	Tyron Akins
Tyrone Edgar	Tyrone Edgar
Tyrone Jones	Tyrone Jones
Tyrone Wheatley	Tyrone Wheatley
Tyrone Williams	Tyrone Williams (cornerback)
Tyrone Williams	Tyrone Williams (defensive tackle)
Tyrone Williams	Tyrone Williams (wide receiver)
Tyson Gay	Tyson Gay
Tyus Wilson	Tyus Wilson
Udodi Onwuzurike	Udodi Onwuzurike
Uell Stanley Andersen	Uell Stanley Andersen
Uhunoma Osazuwa	Uhunoma Osazuwa
Ulis Williams	Ulis Williams
Usaia Sotutu	Usaia Sotutu
Val Joe Walker	Val Joe Walker
Valentina María Barrios	Valentina Barrios
Valery Tobias	Valery Tobias
Valeyta Althouse	Valeyta Althouse
Valma Bass	Valma Bass
Vance Johnson	Vance Johnson
Vashti Thomas	Vashti Thomas
Vera Sjöberg	Vera Sjöberg
Vern McGrew	Vern McGrew
Verne Booth	Verne Booth
Vernon Norwood	Vernon Norwood
Vernon Samuels	Vernon Samuels
Vernon Turner	Vernon Turner
Vernon Turner	Vernon Turner (high jumper)
Veronica Fraley	Veronica Fraley
Veryl Switzer	Veryl Switzer
Vesa Rantanen	Vesa Rantanen
Vic Chapman	Vic Chapman
Vic Frank	Vic Frank
Vic Hall	Vic Hall
Vic Hurley	Vic Hurley
Vic Zwolak	Vic Zwolak
Vicki Huber	Vicki Huber
Victor Edet	Victor Edet
Victor Houston	Victor Houston (athlete)
Victor Jackson	Victor Jackson (American football)
Victor Oatis	Victor Oatis
Victoria Bossong	Victoria Bossong
Victoria Cameron	Victoria Cameron
Victoria Mitchell	Victoria Mitchell
Vikas Gowda	Vikas Gowda
Viktoriya Rybalko	Viktoriya Rybalko
Vimbayi Maisvorewa	Vimbayi Maisvorewa
Vince Courville	Vince Courville
Vince Williams	Vince Williams (American football)
Vincent Ciattei	Vincent Ciattei
Vincent Henderson	Vincent Henderson
Vincent Marshall	Vincent Marshall
Virgil Hodge	Virgil Hodge
Virgil Severns	Virgil Severns
Virginia Miller	Virginia Miller (heptathlete)
Virginia Miller	Virginia Miller (heptathlete)
Volker Mai	Volker Mai
Vonette Dixon	Vonette Dixon
Vésteinn Hafsteinsson	Vésteinn Hafsteinsson
Waddell Smith	Waddell Smith
Wade Bell	Wade Bell
Wagner Marseille	Wagner Marseille
Wallace Spearmon	Wallace Spearmon
Walter Davis	Walter Davis (triple jumper)
Walter Dix	Walter Dix
Walter Jones	Walter Jones (American football)
Walter Marty	Walter Marty
Walter McCoy	Walter McCoy (sprinter)
Walter Murray	Walter Murray (gridiron football)
Walter White	Walter White (American football)
Wanyá McCoy	Wanya McCoy
Ward Cuff	Ward Cuff
Ward Edmonds	Ward Edmonds
Wardell Gilbreath	Wardell Gilbreath
Wariboko West	Wariboko West
Warren Druetzler	Warren Druetzler
Warren Giese	Warren Giese
Warren Smith	Warren Smith (guard)
Warren Smith	Warren Smith (quarterback)
Waseem Williams	Waseem Williams
Wayne Collett	Wayne Collett
Wayne Davis	Wayne Davis (cornerback)
Wayne Davis	Wayne Davis (hurdler)
Wayne Davis	Wayne Davis (linebacker)
Wayne Davis	Wayne Davis (cornerback)
Wayne Davis	Wayne Davis (hurdler)
Wayne Davis	Wayne Davis (linebacker)
Wayne Johnson	Wayne Johnson (runner)
Wayne Morris	Wayne Morris (American football)
Wayne Pinnock	Wayne Pinnock
Wayne Wilson	Wayne Wilson (American football)
Weini Kelati	Weini Kelati
Wellesley Clayton	Wellesley Clayton
Wellington Zaza	Wellington Zaza
Wendell Lawrence	Wendell Lawrence
Wendy Brown	Wendy Brown (heptathlete)
Wendy Brown	Wendy Brown (sprinter)
Wendy Vereen	Wendy Vereen
Wes Allen	Wes Allen
Wes Felix	Wes Felix
Wes Porter	Wes Porter
Wes Santee	Wes Santee
Wesley Kiptoo	Wesley Kiptoo
Wesley Korir	Wesley Korir
Wesley Walker	Wesley Walker
Whitey Overton	Whitey Overton
Whitney Ashley	Whitney Ashley
Wilbur Thompson	Wilbur Thompson
Wilford Ketz	Wilford Ketz
Will Allen	Will Allen (cornerback)
Will Allen	Will Allen (safety)
Will Claye	Will Claye
Will Geoghegan	Will Geoghegan
Will Sumner	Will Sumner
Will Williams	Will Williams (long jumper)
William Erese	William Erese
William H. Montgomery III	Will Montgomery
William Hill	William Hill (British athlete)
William Hill	William Hill (Hong Kong athlete)
William Johnston	William Johnston (athlete)
William Miller	William Miller (Canadian football)
William Mitchell	William Mitchell (Canadian football)
William Paulson	William Paulson (runner)
William Porter	William Porter (hurdler)
William Scott	William Scott (runner)
William Snoddy	William Snoddy
William Spencer	William Spencer (athlete)
William Taylor	William Taylor (marathon runner)
William Wynne	William Wynne (hurdler)
Willie Alexander	Willie Alexander (American football)
Willie Banks	Willie Banks
Willie Banks	Willie Banks (American football)
Willie Brown	Willie Brown (American football)
Willie Brown	Willie Brown (American football, born 1942)
Willie Deckard	Willie Deckard
Willie Gault	Willie Gault
Willie Jones	Willie Jones (defensive lineman, born 1942)
Willie Jones	Willie Jones (defensive lineman, born 1957)
Willie Jones	Willie Jones (fullback)
Willie Jones	Willie Jones (offensive lineman)
Willie Lee	Willie Lee
Willie May	Willie May
Willie Richardson	Willie Richardson
Willie Smith	Willie Smith (hurdler)
Willie Smith	Willie Smith (offensive tackle, born 1937)
Willie Smith	Willie Smith (offensive tackle, born 1986)
Willie Smith	Willie Smith (sprinter)
Willie Smith	Willie Smith (tight end)
Willie Sojourner	Willie Sojourner
Willie Steele	Willie Steele
Willie Sydnor	Willie Sydnor
Willie Thomas	Willie Thomas (Canadian football)
Willie Turner	Willie Turner (sprinter)
Willie Turner	Willie Turner (sprinter)
Willie Williams	Willie Williams (cornerback, born 1942)
Willie Williams	Willie Williams (cornerback, born 1970)
Willie Williams	Willie Williams (defensive tackle)
Willie Williams	Willie Williams (offensive tackle)
Willie Williams	Willie Williams (sprinter)
Willie Williams	Willie Williams (cornerback, born 1942)
Willie Williams	Willie Williams (cornerback, born 1970)
Willie Williams	Willie Williams (defensive tackle)
Willie Williams	Willie Williams (offensive tackle)
Willie Williams	Willie Williams (sprinter)
Willis Ward	Willis Ward
Wilma Nielsen	Wilma Nielsen
Wilson Waigwa	Wilson Waigwa
Winny Bii	Winny Bii
Winthrop Graham	Winthrop Graham
Woody Kincaid	Woody Kincaid
Woody Strode	Woody Strode
Xavier Carter	Xavier Carter
Xavier Smith	Xavier Smith
Ximena Restrepo	Ximena Restrepo
Yago Lamela	Yago Lamela
Yanis David	Yanis David
Yanla Ndjip-Nyemeck	Yanla Ndjip-Nyemeck
Yann Randrianasolo	Yann Randrianasolo
Yared Nuguse	Yared Nuguse
Yaseen Abdalla	Yaseen Abdalla
Yavgeniy Olhovsky	Yavgeniy Olhovsky
Yobes Ondieki	Yobes Ondieki
Yolanda Henry	Yolanda Henry
Yusuf Bizimana	Yusuf Bizimana
Yvette Lewis	Yvette Lewis (athlete)
Yvonne Harrison	Yvonne Harrison
Zach Bradford	Zach Bradford
Zach McWhorter	Zach McWhorter
Zach Wood	Zach Wood
Zach Ziemek	Zach Ziemek
Zak Seddon	Zak Seddon
Zara Northover	Zara Northover
Zaya Akins	Zaya Akins
Zdravko Pečar	Zdravko Pečar
Zoe Buckman	Zoe Buckman
Zsolt Szeglet	Zsolt Szeglet
Zsófia Erdélyi	Zsófia Erdélyi
Zubin Muncherji	Zubin Muncherji
Ángelos Mantzouránis	Angelos Mantzouranis
Éva Orbán	Éva Orbán
Şilan Ayyildiz	Şilan Ayyıldız
